{
  "E_dimless": [
    5.838980650526255,
    6.291951417012685,
    8.969273308112497,
    11.338052735512981
  ],
  "E_meV": [
    3.689288698154296,
    3.9754927514665908,
    5.667125929470939,
    7.163810315493245
  ],
  "E0_meV": 0.6318378016583748
}