{
  "weighted_overlap_matrix": [
    [
      0.9999997049265705,
      -2.544070169378268e-09,
      1.05717996643236e-07,
      -2.344872995015611e-08
    ],
    [
      -2.5440701625952008e-09,
      0.9999997754883482,
      -9.849612810667038e-09,
      7.647439089896823e-08
    ],
    [
      1.0571799665087868e-07,
      -9.849612804578618e-09,
      0.999999679421062,
      4.109265948459658e-09
    ],
    [
      -2.344872995111172e-08,
      7.647439090361214e-08,
      4.109265941219118e-09,
      0.9999996617122551
    ]
  ],
  "max_abs_offdiag": 1.0571799665087868e-07,
  "max_diag_deviation_from_1": 3.3828774492761227e-07,
  "S_max_abs_offdiag": 0.12982388718065344,
  "S_min_diag": 0.00578784109153664,
  "S_max_diag": 0.21360671444671653
}