{
  "type": "biquadratic_dqd",
  "param_mode": "targets",
  "a": 1.5,
  "hbar_omega_x_meV": 2.9999999999999996,
  "hbar_omega_y_meV": 5.0,
  "delta": 0.0,
  "c4": 0.6262226878928537,
  "c2y": 15.655567197321348,
  "beta_x": 5.636004191035684,
  "beta_y": 15.655567197321348,
  "barrier_dimless": 3.170252357457572,
  "barrier_meV": 2.0030852802382726,
  "E0_meV": 0.6318378016583748
}